{
  "run_at": "2026-05-13T06:27:16.820Z",
  "methodology": "leave-K-out cosine over V3 fingerprint (opening sequence + Stockfish cp-loss)",
  "features_version": "v3",
  "features_used": [
    "eco_white",
    "eco_black",
    "move_seq_white",
    "move_seq_black",
    "time_class",
    "avg_opponent_rating",
    "mean_cp_loss"
  ],
  "k_test_games": 5,
  "min_handle_games": 15,
  "total_handles_qualified": 3529,
  "cp_loss_coverage": 0.8296967979597619,
  "cp_loss_handles_with_signal": 2928,
  "overall": {
    "top1": 0.1864550864267498,
    "top5": 0.3581751204307169,
    "top10": 0.44035137432700483,
    "mrr": 0.2708894579049682
  },
  "by_band": [
    {
      "band": "1500-1799",
      "n": 1032,
      "top1": 0.15891472868217055,
      "top5": 0.38275193798449614,
      "top10": 0.49709302325581395,
      "mrr": 0.26665817983334017
    },
    {
      "band": "1800-2099",
      "n": 146,
      "top1": 0.3219178082191781,
      "top5": 0.5,
      "top10": 0.636986301369863,
      "mrr": 0.406410643645412
    },
    {
      "band": "2100+",
      "n": 2351,
      "top1": 0.1901318587834964,
      "top5": 0.33857932794555506,
      "top10": 0.40323266695023396,
      "mrr": 0.2643307959959136
    }
  ]
}
