{
  "run_at": "2026-05-12T19:23:14.737Z",
  "methodology": "leave-K-out cosine over V0 fingerprint",
  "features_version": "v0",
  "features_used": ["eco_white", "eco_black", "time_class", "avg_opponent_rating"],
  "k_test_games": 5,
  "min_handle_games": 15,
  "total_handles_qualified": 1213,
  "overall": {
    "top1": 0.20610057708161583,
    "top5": 0.42044517724649627,
    "top10": 0.5259686727122836,
    "mrr": 0.31182193734303026
  },
  "by_band": [
    {
      "band": "1500-1799",
      "n": 1033,
      "top1": 0.1819941916747338,
      "top5": 0.3998063891577928,
      "top10": 0.505324298160697,
      "mrr": 0.28947841988189604
    },
    {
      "band": "1800-2099",
      "n": 142,
      "top1": 0.2887323943661972,
      "top5": 0.4859154929577465,
      "top10": 0.5985915492957746,
      "mrr": 0.382574107270488
    },
    {
      "band": "2100+",
      "n": 38,
      "top1": 0.5526315789473685,
      "top5": 0.7368421052631579,
      "top10": 0.8157894736842105,
      "mrr": 0.6548231322812705
    }
  ]
}
